latitude,longitude,elevation_m,slope_deg,aspect_deg,twi_score,ndvi_score,dist_to_road_m,dist_to_river_m,historical_rainfall_mm,landslide_label
27.799816047538943,85.81417277130889,1566.4785438190306,30.954089256810903,94.21404614492614,11.930227065275638,0.5881623953671185,866.6934512920976,1146.1317771757676,309.75475045223607,0
28.030285722563967,85.74124336485485,2850.843410562089,28.95909388148655,88.91236766591993,11.174333535856611,0.6873451177530978,2409.8945339352595,1611.8374969534727,279.7977493253567,0
27.942797576724562,85.63928742732885,4042.6050091550696,6.282103290321785,326.2516489875732,8.882347417466878,0.25037431903399915,2991.741320711772,1521.5210549313672,200.8645840858353,0
27.889463393678813,85.86620775886813,3536.0095910744203,22.06239138130782,89.83663194582219,13.472565723343198,0.5498992796855992,99.77775593488451,312.0303098640785,102.2625252263987,0
27.712407456176972,85.80812902764924,3803.620132301219,24.009780939292853,97.90190140630716,4.405694186340833,0.507396786514999,2693.123938714886,302.7526921342404,273.6837276652849,0
27.71239780813448,85.5731776227052,3271.6201201585823,24.941139044845023,273.38337447046695,3.311170523715457,0.7162643014306169,1871.6652954599876,540.0078636511021,199.9690959967851,0
27.67323344486728,85.90991723302223,3392.195632264269,34.00861846136661,161.9063432821944,12.247543603465065,0.7748696483850084,2920.414031302815,725.3440790503693,357.1129052486873,0
27.996470458309975,85.87014175931543,3957.1043456351495,31.680127336343922,279.6158005038652,7.26979779960498,0.05972541718190945,1400.3784574040185,819.8688849099228,108.38119284466921,0
27.890446004697285,85.92740996098136,1798.8048318930694,35.39525463967223,23.531816723178686,12.163626250484725,0.5892159352470341,2543.6899124084075,1360.9959475825237,304.6897339570268,0
27.93322903111842,85.82657377877476,2661.929869115306,43.244163077106414,175.52562972241836,12.71708246234498,0.09146863929578322,196.55826510884893,118.07746217084163,429.51598312712287,1
27.65823379771832,85.77603683817111,1696.3539905505681,45.649286935804675,12.100896065981747,2.7494911234288573,0.4890869320618847,1012.4843597341043,74.17204493100245,161.04324348902483,1
28.0379639408648,85.68820936633078,4455.604828787929,40.90615381132472,22.555153243927627,12.601577155832729,0.2801061832349426,210.3794478761178,786.8615730730985,265.0773217627084,1
27.98297705632017,85.91972781750931,4298.613622871808,52.77618479774674,326.31748320398793,7.379828664433067,0.2954212796177129,2926.2759691024207,1395.841565815271,131.99769713599835,0
27.73493564427131,85.88972875027518,1041.9365209266211,5.9116291338180815,50.12833360233426,8.125189868050786,0.33236680276188524,2452.751982742792,390.90350919818275,318.98866929147346,0
27.72272998688284,85.52034840154778,3440.0706210564786,14.788899284177305,191.67144561907816,9.519110133118524,0.5470339592396881,2559.1167895254516,1284.8014401062221,292.68608820867894,0
27.723361803941373,85.51186513852376,4230.893942696397,5.378143748907106,147.99441693625437,13.11659128076104,0.31723997253501535,2814.5160419873437,523.3571351908975,242.57793347449132,0
27.771696897183816,85.66940851509513,1550.0712424584008,37.37373570773015,125.04359745318337,2.2293931331571684,0.6361592404722243,264.45942349815823,1772.7417870829652,282.4819575158094,0
27.859902572652896,85.86474899885182,2944.602829989466,49.90152744749935,323.94000444741806,7.722121619813805,0.3736219084590957,1162.9368016148667,1791.9014388118999,413.8011304641536,1
27.822778007456847,85.94427425819173,4195.7578713169505,17.174114828814965,7.85642283917622,10.252664509166728,0.10468256024796689,222.39431824156637,598.0879725412464,168.70300580887346,0
27.766491656079214,85.56768760099659,1022.2055229088759,51.35172723981533,238.96428702321208,10.672483492378742,0.6770078739872858,640.2713736345855,463.83753915666483,107.89757909687154,1
27.89474115788895,85.76735882190846,3410.7129620886235,8.013369514478043,346.82199631687814,10.310389178445295,0.2786066596741648,695.8036733426403,825.5514242721314,401.58270964468534,0
27.705797544260815,85.67140088548396,1970.4564265411827,51.72180134027572,201.6605460462631,3.6132215528974623,0.39621350367941005,1412.6305610322602,484.8605124343967,301.99097883576724,1
27.76685785941409,85.93646147901657,4227.8263033555095,22.58113436198172,337.2560863319131,5.592747060460175,0.5983551065775212,813.0008806863914,1346.4057673669488,411.73045941164486,0
27.796544737317475,85.87895351541107,4395.8096825953235,10.071041422460826,18.812836542968554,6.304586305004161,0.31596492571896956,311.9245393851057,1652.9990456738296,308.9308281946104,0
27.832427993686814,85.87724791712002,4299.359360808362,29.29358795931628,150.7655948666981,11.65324649215406,0.0952685249173725,510.798356391382,1347.8188011678778,383.5563814858959,1
27.964070384557207,85.71091192190774,2607.1711799668697,17.838828386025398,93.65680474633842,5.345118468974636,0.3491368376102508,450.35393502075186,1649.5791422624523,250.38567717430178,0
27.729869512863342,85.68666877605195,4003.3535435615286,19.24364509809614,263.0955473930627,4.528459566406438,0.8055588661554427,2919.499625757772,796.9993636039109,362.4509759508941,0
27.855693775365445,85.62303318236881,3940.3778347262532,20.364498246314326,353.26695257900883,13.489376228457154,0.5633875178388466,2280.284595686236,316.8523565641774,419.5645134114496,0
27.886965827544817,85.52536897349292,2048.76170367572,45.15129489163317,92.3508224799292,2.106359421361627,0.5871833189337655,2903.60678115599,1477.2121400581964,300.2430373027722,0
27.668580165088,85.88912506931477,3884.0957069424385,31.958063833762726,235.5028565306668,13.973850268183739,0.5558257229101119,1324.8240546586464,724.1466377574,163.27480269683284,0
27.893017940760576,85.86580545410854,1033.2274849757735,20.565384957800184,71.31514779350644,10.121855586288747,0.20919371116754942,842.3217601713433,1344.1852963321194,194.07916526056937,0
27.718209649474915,85.94987295297877,3046.571562535391,35.51668916554592,203.51889164577958,11.941631593389404,0.3846670912818241,2396.8966596554683,544.9346642536225,169.52560191409202,0
27.67602063719411,85.94848657668327,1728.031814235731,40.80753371115968,167.01569520780103,5.535432756154318,0.6507518386906546,985.4992149430288,167.05312143931198,186.39995965850653,0
28.029554214901335,85.74994426752119,1334.0407887982037,18.631200036676688,349.92191866735334,2.1717833320047197,0.1310983180425273,905.1562873789914,1985.200681998088,207.24540727286274,0
28.036252813229826,85.84604433683123,1177.031525865153,25.677455076267577,219.06981817072796,10.85443422273836,0.2722822208717698,705.1929167014152,316.6220083215456,294.296825363616,0
27.973358939246584,85.92514457844709,3406.6395931613033,11.094304666847378,125.82229395125476,12.00973516400811,0.27105528677268287,397.7401448904637,1976.8998829571447,305.7970703123415,0
27.771845507669347,85.88234132580484,2123.549869565038,14.057467476734015,41.07448255965601,10.885713583442229,0.3956151420756048,776.8245524401302,1954.6734654700624,249.27491153465138,0
27.689068845602552,85.61130664578444,3509.1603775035414,39.05589269824914,54.44885834457644,3.714203447610063,0.8342949927537481,1072.4060479369243,1588.6671172965391,315.3972729372924,0
27.923693210604863,85.70274486088954,1135.2828268761925,14.071917384781347,81.11409478244464,11.04113506708363,0.10400203734705754,2025.242682355734,1320.548809353585,128.5512239639781,0
27.82606099749584,85.55812173681818,2035.0452161901972,31.258169183353008,90.34799808250727,11.227073385291693,0.464960795504476,197.06887823616023,1157.725065250914,130.725882970356,0
27.698815293937912,85.92932296226643,2842.168652551214,40.452313086121634,306.2217808228096,9.902486188040658,0.19349174560976834,639.4157495993754,1732.8725830287801,160.14031112518046,1
27.848070764044508,85.77277858550289,3746.6033934202687,10.343846154737193,202.04020378170898,11.193391193547034,0.8265412363277953,2428.9806844721124,582.4318456308785,281.3271243141206,0
27.663755408446086,85.60288926247655,2047.5090105554516,33.36561098144517,188.42072809477193,12.151057276132786,0.14064280378197136,449.29655151547456,938.0240189073297,174.89813754440974,0
28.013728160831512,85.80226530798264,3153.208955173233,17.82813918506819,41.31679387291829,9.363249370849502,0.372880801889273,1034.5089881023393,1240.6829888861714,199.14954122240206,0
27.753511992640007,85.77815770820605,4089.519893650274,53.14634376187899,309.6502896057966,3.0632565676361487,0.640307987867685,2595.330176355839,825.3249993596347,240.10949266054791,1
27.91500891374159,85.66117322311477,3117.1074774562962,29.177282335996235,260.2131491550541,7.85153371600653,0.6136435424219562,473.22668031889356,857.8354759100846,384.15314340363295,0
27.774684430435762,85.55110091648983,1738.6541091130816,45.299627488757906,24.360610284000572,2.9317920160592608,0.3881829095151458,257.3831384983878,663.9179116666584,104.85174756950104,1
27.858027208471125,85.80220793801676,987.8428136035369,32.51132710781309,254.82063500271673,6.89051637238917,0.32721933436217454,1458.7686052892325,1130.6424742856493,327.2825870828178,0
27.868684111737313,85.73413846540672,4032.3559460433476,7.170626642740958,195.67375824335258,6.885277869507531,0.3680899028422964,914.2343387228238,1701.8961833901565,334.1067858642399,0
27.72394178221021,85.84754327628104,976.5698790613937,36.657568779701116,29.421124468840173,2.792118129682899,0.2614210105269114,1694.5910098067238,407.0491141225941,379.5295231248228,0
28.037833851105823,85.7340735755004,4048.926021663118,52.570167110332854,164.98823095031634,6.185846407633752,0.21426635096543983,2413.3766225455906,1869.1939123131156,426.4635286711096,1
27.960053129344445,85.88348167514334,2804.1736824979635,35.080591007316556,174.4906633668169,3.331977185495778,0.43643175804711193,420.0739795767021,1379.7298692277182,107.04824713225145,0
28.025799576625676,85.74835807744851,4280.643714646427,45.95944297133951,59.67883445877927,11.698822520110665,0.26482700485408583,1746.2902628173122,1647.4300592966601,153.82429692962566,0
28.00793094017106,85.75242208719092,3775.6196487851953,49.21032316742039,340.45133292010166,13.372256311573649,0.2799693319178001,1521.471193565693,1114.6004317968732,410.1599529195976,1
27.889159991524433,85.89449412119626,4492.562797920014,16.403988597446624,305.9911337330383,2.8677977030952633,0.5754048507796456,440.7955701794667,1560.1358193410067,260.4814967654554,0
28.018749694009248,85.68156728979558,2162.5625356261567,15.602241995411333,240.848041438479,13.461382487500417,0.8248298653599138,1875.7554717316573,37.31979269223708,297.6067236267122,0
27.685397000820767,85.56030685280278,3661.8778401520567,35.54904944254959,166.42640196021858,8.270919192040942,0.5329097604475,828.1848494037072,1637.6689474351726,332.0595213031016,0
27.728393144967658,85.512952204341,2346.951288993272,25.551423490335235,148.23559497042305,5.594788135446487,0.11158357365197302,1468.6246124465974,85.07702387530621,337.6733115734731,0
27.668090915564214,85.83981176505313,2627.552233094072,46.99306514333602,234.3504481743435,2.922344903313962,0.11046689108325358,255.99424958841502,1780.3771858439106,426.1091411607779,1
27.780132132305305,85.77913929810906,3159.0196675861325,50.00115616990056,196.35547298648598,8.007491216845015,0.8111385766764527,1384.156331068733,1983.9656807410934,448.9322960940844,1
27.80547091587579,85.81683589564466,4045.2376110708196,22.671068965135905,22.418318117478822,11.534186533888985,0.28783263224586686,926.3257694480327,591.6645870426718,352.0551113258291,0
27.75853961270956,85.59583387267901,4442.700489117462,16.843527948724102,184.5009535573194,10.485037727200378,0.12365358886598034,2468.9198214442094,424.58551979015834,200.5274232218028,0
27.981495003660772,85.56136716401404,3665.7842899122656,44.026275762193094,290.30530220382224,2.602712137567685,0.5292356697203052,180.36639372213116,1531.8999108967912,407.9133408030203,1
27.792701330677435,85.50654509955055,2403.9604158024013,18.740301777406806,165.3263559349049,2.874822024414842,0.5489190226322128,1261.6357520058066,509.7875501359052,117.22732008926656,0
27.76237380387495,85.65776440146297,2416.885208197453,46.13071592568392,18.70436791953663,6.834479391591645,0.5688038560949505,1380.7099581529997,1731.7969544285459,180.8782985060737,0
27.8670784332633,85.76546295908459,3555.2962857200096,26.18691268243814,283.0601517782519,5.543485928575319,0.26392162228603305,2177.768168134365,210.17097135416603,414.08500111230023,0
27.706369689989906,85.67650982029488,1759.5977247658884,38.37749496457352,72.49096156895078,4.788611876672574,0.06208854737158003,1727.119849519731,256.2806167768197,189.66703005377423,0
27.970878792301615,85.69686371491068,1297.7068072730208,9.77676569173341,93.10350055969396,5.372053986904563,0.8220122955635775,2004.9648882106014,1958.407352425728,177.22787086761195,0
27.679820257471906,85.9068714125222,2176.6397675067956,36.19296623382865,59.29428723562652,11.641792919562615,0.250714436552882,2333.3773640987506,1349.3086020486592,148.34385259908652,0
28.044754774640207,85.65671496016049,1934.0603699546941,27.588383936861455,118.87742335373912,13.150736643582247,0.590821030442038,2587.9868912379843,1694.540012735761,400.6891151764208,0
27.95889790771866,85.73129527012192,1966.7092336415644,34.330423158773705,272.4305420479086,6.861232334330797,0.6153038959029676,948.4877352001868,652.0371078162784,275.02039071688034,0
27.729486272613666,85.85264385573352,1740.987903779676,13.400710387243171,186.97890942141746,12.873332025589965,0.5380059336635885,1618.68788903807,1354.5850802936059,336.21262106895415,0
27.65220884684944,85.67844425204457,1051.5354826909029,41.843687247209104,73.75725869425652,5.857948414974583,0.3003259153709185,2521.9231545332077,1190.5124454806514,183.67323442626036,0
27.976184571381935,85.77993901510254,964.3461650402897,48.13985387716143,316.0188281347347,7.717243836125499,0.2668770030112526,2968.4588815855186,1208.2844896452793,365.31414735392576,1
27.932742937539047,85.88806366893604,4455.800603049714,15.836990004538782,316.6494677825505,4.712347973791997,0.5281346261621624,2669.6627400208517,1366.6522567777545,366.00194073673447,0
27.941602867216396,85.92728428064594,2439.9832814491047,9.785727776008086,313.40823301656246,9.685712506110129,0.7428765068893531,1120.6871152468866,1152.8415503925517,209.40930871790505,0
27.95850813867438,85.56618306641806,2283.575929774854,6.18192930231682,85.96663609735414,13.747773382097707,0.8073869831387165,593.5478864837647,860.9794267588186,243.738921553599,0
27.679617860693636,85.91696443132267,3346.7302176950516,37.0985750221633,162.44616390515571,9.241917152520543,0.13472464352300612,1473.2836868457002,555.4657752891909,173.3915971005703,0
27.793386291417708,85.7214523318858,1685.713996314231,35.35470180443904,354.596276210715,6.293769009362586,0.17386289007817587,2227.507940989766,1538.319755171838,441.7963581630165,1
27.696347623810052,85.61620997473453,4319.860262220811,32.3348706357035,277.9244914715965,9.77380935188634,0.8057890070264637,1482.78152155236,456.41349785635646,325.96090197044407,0
27.99524137035024,85.70661109030722,3730.8420518959874,16.597354805798773,9.780271641201534,3.475048141584651,0.6392281826678341,1454.7107813078687,1386.2468407780564,427.0903582504304,0
27.899319250731022,85.94101465887847,1221.8796083241343,24.545299795275735,23.47365285377714,12.663908963184785,0.7563950598638184,2516.3089590345835,470.49898118540665,206.1849402701966,0
27.78235920994106,85.7216781422968,2403.290792825742,34.72381675930865,167.0152956524398,8.037007409358036,0.2121061073082745,1090.5972994108872,1252.5336890591354,373.6618195489114,0
27.67542334011441,85.64793822462939,4064.825907223793,29.83834294295847,327.31927411016164,7.392196904475705,0.5200686968875214,2580.7860776868206,1495.4211429224126,368.05052535965973,0
27.774392928686265,85.78503038444254,4301.035280249077,54.38927601074437,193.93264726297713,9.03037746144223,0.610911675533979,1226.3463548456534,441.3342083685457,342.07947815328953,1
27.780073328810698,85.60806552845018,2582.645440499531,11.821987627836656,179.21250289234447,9.49740635347283,0.5940895083575781,991.4169859782348,124.58688521831002,437.97364134338017,0
27.941842471335224,85.5341384976489,3108.281001158548,39.75722770237969,37.97053198438701,2.8613096747181563,0.37652135269335846,1367.4298344871,266.2926172733773,237.74436763721044,0
27.905022988542086,85.5579958748598,1501.3222059314708,25.215938405214608,236.44083770074585,10.19140665468083,0.06231591335304679,2289.7164064378567,1213.9639497056958,145.75106325641505,0
28.00488509703053,85.557620627531,4468.207054093115,26.409980746280738,295.9571378160812,4.903180163786355,0.5163408454434105,386.7460633133429,1699.6455804203424,335.09810073542127,0
27.83888597006478,85.56835621208053,1734.0181249803964,40.87988828290881,136.95120270272244,10.567431590079078,0.252481231343687,597.293455457332,94.76865836467161,355.2584301670222,0
27.69783769837532,85.56247222769224,4293.834386886452,39.62180756621848,279.2202663331179,11.870417532610361,0.41020339691431223,2854.820028732645,1469.6317617880843,301.27120071058516,0
27.935297914889198,85.78839363516146,3238.7279363725265,54.56279968510942,347.21159540429215,11.647502090630244,0.8160648120670538,534.7199658702585,685.930698670354,172.3862625966887,0
27.95431401944676,85.58184603797962,3087.852461563893,11.41971447270626,73.35592528596807,8.63001160889467,0.3692282541139477,1707.5046806138532,959.6640979894474,276.5595795842744,0
27.8745108790278,85.65555027749573,2745.6786396594307,10.205482469208317,188.39866723010687,8.242038707729014,0.7218412853315413,1742.1502553191942,1858.0748019419034,209.2664077991953,0
27.958386871981826,85.90355478445771,1730.4113221839311,41.216940856437056,103.3696649104472,3.7145115360729406,0.2008324845994009,1473.9771415302318,667.2831519480117,249.61328485834116,0
27.847518238545756,85.7132827381183,1535.5009152198297,33.919345850320454,285.42759085218216,11.304153804837627,0.587968398420023,1937.7882932446876,933.3471832092747,325.82650154563237,0
27.859093131752797,85.80040098233447,1693.7503526526311,18.708033327990293,207.9336117172167,5.256912565360572,0.8316055635511548,697.1819101348791,32.29641744755881,360.8251599417921,0
27.821016407343418,85.57754394204073,1571.1777437193164,8.97096844944933,228.44967031810936,7.9603450738153585,0.13151448069834942,1662.4601806524772,167.78944640965253,181.2786418154701,0
27.660167650697637,85.58653005846391,3706.504104840312,9.282912479821526,287.2490974617219,5.4112891151302005,0.056655953781753615,1122.7980331882225,520.8902243138941,241.86387622643366,0
27.69315657079732,85.51839087731992,2160.4509330002284,49.70954373320591,142.54937015848375,3.6059403559963177,0.39686623410609145,1988.3851062912752,60.56522043804343,194.20654984707022,0
27.66257167427469,85.57602077838247,1108.233635628227,14.593366235937145,329.4324246265356,9.55469236270084,0.12410038644109375,432.2583946857169,1264.5937754662607,169.5210648516542,0
27.904564164505512,85.62536565256438,4388.769468506921,21.16857810577604,191.8903922086104,2.651984417874846,0.6487074797409851,1716.923476350034,855.6647218192369,374.1855269985434,0
27.77574239243053,85.57965471792454,4081.6291858683326,16.3328201113494,56.863736220725286,10.9837428095144,0.7816389310788471,563.9583625961379,1098.5496794424039,418.23844305294733,0
27.85342827646588,85.53991614019067,4239.908219502767,22.749815291596864,250.52368254076887,5.8110415431334,0.397216778167007,843.1427587139589,353.4211358631774,229.58126498960186,0
28.013026589570437,85.55428614199528,4481.668161527166,8.47119213730467,285.5740861577716,2.001616316053824,0.2569693137243528,663.9423029675138,595.3843987260492,362.9476235308184,0
27.74971689165955,85.70735044561472,1526.0228971901543,30.95298954541352,114.03420374430961,8.133549670846758,0.3975226552052878,556.6849618077631,1329.3298273311866,413.9483512775439,1
27.81415316921425,85.59285017328261,2326.4712680495713,8.380628179610746,308.5845325195511,2.5622229023312375,0.6287582542800008,2478.875745166394,1930.7789336426476,396.14347368558106,0
27.95222045541722,85.66392143747163,3629.6585125347287,45.01782539111808,326.2115717156759,5.314034693850793,0.05724332926429679,864.2656273060621,105.58146333640735,163.98468598872907,1
27.741519266196647,85.7265377718847,3405.674224993652,16.68560409552165,99.68561545601122,10.483717849468594,0.5215631915877578,2782.1001077747037,1781.3167201062558,434.70215852967647,0
27.680791963931515,85.81067767288322,1454.0252628234782,32.00059573022553,354.0677301774799,2.7522754594623904,0.5406333479099033,2910.0803107821207,1155.8779966158609,231.83675415031186,0
27.765900581165507,85.5176904629285,3836.999249966224,49.00395437807291,50.65615009755303,12.072061908272028,0.5601505975167484,1718.068805111921,1130.0195356774693,218.7342314108427,0
27.7144885149016,85.85973467950907,1707.9860586119785,37.54386845235971,72.72564062489639,2.0458390719029973,0.24361766398470175,437.5733567705219,1003.0556777394819,121.85096454722311,0
28.021879060937028,85.78255517527091,1705.7434133614431,31.647889327566766,66.32094212568941,4.961886430422827,0.6212421787025014,1129.899247704948,143.44120137884588,270.16077893670905,0
27.973248151825768,85.536791564377,2833.1079224162886,21.21668765576878,321.83629560283333,10.890848673824857,0.12311318906542112,2395.2194674111597,184.30431921364053,138.15476547432505,0
27.90336150260417,85.89311038084806,3034.5837654301313,21.650095652909897,235.54531883698627,5.795241796751681,0.20941626917344064,1108.4982788042407,1203.8194512898767,186.98893732459908,0
27.998584236075086,85.91439258023932,2988.31034821612,38.474347759909506,54.75754196001824,3.2227086567921623,0.7519760373235855,270.18148272533836,685.2123500139388,210.92991761854847,0
27.971468830759648,85.52748508193469,1229.3526146319175,54.706968061058376,158.51643061260563,6.322807025605135,0.640978520581253,1674.7868836752818,1834.949792822473,383.0892132220894,1
27.724628023554413,85.62459494166625,4058.8591054693693,38.09195949246893,221.50728902512873,5.244719436614306,0.060996443209076205,2536.911345973144,816.1481220321472,406.42102763856377,1
28.007023599395993,85.86279057590689,1856.1601533193418,32.889170868501246,30.047070596177985,12.11254282592666,0.24870100829584013,2389.819897559072,290.84651011176896,205.86321111151437,0
27.86573689676626,85.83671686067265,1366.253716618095,41.532525511962305,317.66989262664197,5.760175011021717,0.22152518639453161,533.6181889897562,1430.864072836562,400.54434243560087,1
27.972976062065626,85.58303445871037,4099.493087528318,28.26028061418591,289.29727275895266,11.467189661312087,0.26664506242957803,2021.5661970932754,590.2400757748146,400.0308280794269,0
28.008436519969397,85.59420719550153,4340.345393627113,8.00711713003926,181.87443848758977,12.702465737728817,0.2480478162239091,669.3077476725848,1053.3132631750068,367.6278326347057,0
27.777201389988743,85.66671244625613,4003.6594221556225,33.11484079389549,348.1655814933014,7.205809034918355,0.10002103659427658,662.440528310995,1397.1764070828142,151.34328990531355,0
27.69402076981107,85.71803534333596,3814.257869009561,52.88126422526901,150.3939525390359,12.919317726252704,0.4171524132774562,2623.4746021825035,1801.0269018481304,341.6129964152551,1
27.741174065016775,85.77821464718863,3258.8711303004784,13.765147117882982,354.27971485313924,6.527816647558314,0.6361867798289321,756.5101686932882,1585.4214336293437,430.75842260319905,0
27.8208431154505,85.6660111378064,2883.0865341929016,39.50024454103329,240.45119956930574,13.568940997881299,0.5353853797739491,797.1095660888534,1354.3403304060846,338.88916756850494,0
27.977205906368997,85.70814062225992,1213.1523356810765,15.046684432952823,228.48165837141892,3.071474294306875,0.5882973348784638,11.953638376285669,1360.8681988783114,216.06589718774188,0
27.994292233302538,85.8363619221602,2370.4315670545157,31.791384223654063,59.7437623064826,10.244231198038912,0.11491934282899131,2613.300412035298,1892.1196648440127,275.20276110079095,0
27.652780852212477,85.51650744130077,2241.67866124433,9.83382248233598,317.4939929896718,7.925768485483144,0.8111925681414297,2379.8584914953126,595.1690745055894,326.0037651728688,0
27.854298921031027,85.61359662495481,1835.1136215371744,27.518546812909257,153.89628765142146,6.651785665467765,0.7207934670744198,1885.7135159211273,7.218627921393878,278.69964305497626,0
27.81696440125951,85.82100731364805,3504.3124092789058,42.80816644476231,58.40402608169257,9.59254254498321,0.6940722547965301,2253.2946341771385,547.5493459994063,141.98352960583944,0
27.738843124188293,85.90284307695924,2685.152646283575,22.378576211949103,4.538707191273255,10.446285099611973,0.708387044033414,464.6252165992305,439.69330235535426,209.22241562820722,0
27.69794614693347,85.73025484895206,1191.7663772675326,38.2455862243609,201.51204610981773,2.052359235803709,0.796168406506209,1380.3875478168507,1325.3599973024263,380.8386106937714,0
27.78504606856145,85.73945106836939,1692.6595270193206,44.77249803948646,189.86386396416347,4.003437064966384,0.48540317289095813,1060.145968172855,1269.2546415322304,401.4963161334311,1
28.02716388156501,85.5482274051029,3359.7315491745453,51.358890973972635,258.9673040528971,10.556552607611824,0.2102256142941007,290.3918135084793,1188.955458495924,148.05501145044957,1
27.7792811728083,85.70133556507055,1174.0710941650807,16.732104092772676,320.4928990864088,9.996624962938478,0.543426886282033,1463.530150792623,37.40566920286013,433.3353633395536,0
27.857516248697348,85.73967776990476,3964.344890575567,24.965795790465407,28.58637047149063,13.592570061544127,0.6443051949343512,2763.01155452448,1458.9122186290417,215.08791624701325,0
27.93120758355807,85.60911172663563,2682.5274972503075,12.620800666520871,263.33873652253044,11.132453483009396,0.6403339146832203,129.7767659615765,650.4431729085555,331.809808555752,0
27.795451840951717,85.62115945392722,2630.1116783759326,54.62417510791876,67.4682998751296,13.409272492776056,0.467159219333504,881.4681313464437,1331.786698068229,363.1388010848384,1
28.038712833088386,85.66977787339708,3032.6680247742634,51.35004839621477,308.94373913657904,10.430486018417684,0.10476697546686245,630.5473992550534,1115.373964861796,384.1811821232592,1
28.034978917976844,85.50903203899998,3868.851477330537,31.99785651402798,294.8628649901962,5.576626503673317,0.34689035074410224,722.058494460432,688.7481962286748,431.0123957790755,1
27.750712918330144,85.64493562451243,2152.1131484478947,47.10166471882106,194.68575179479598,3.2643790670102777,0.7866132867706859,2726.219310119332,273.47965287269494,209.5218418100879,0
27.848899402356952,85.59515160314845,3340.8581492126286,31.04789886360211,255.68740750439216,11.381886360139227,0.5175591278059408,1409.5264721605274,193.36570083265948,400.4772590930441,1
27.770351323926707,85.64737380848007,2936.6350703848475,36.17928440013799,113.16604074614942,9.729790657710991,0.4806655546045707,1404.2352446900582,1663.879074558886,146.09041620267246,0
27.763936197750986,85.55389295931866,1861.3017726099167,9.456221605800831,169.62044361581326,2.5782321487195548,0.2650828115057548,2284.121170941294,1837.2030964527082,346.7643172237574,0
27.664754778941813,85.90073727633296,4063.067950878569,42.763521024840394,295.7892831757698,6.32060559081174,0.3447591359332631,471.93168997472816,1301.3271532947776,359.69220532989505,1
27.89382573359196,85.76711660409933,3770.7336777849414,11.385674181761742,165.335470982357,13.481597785811434,0.7662768713225354,1466.923408759152,211.35105914666434,337.20313442046216,0
27.851071609291544,85.80559604361503,3270.426604770332,46.303381512626416,128.80737551715904,8.004813748522414,0.5831704380214686,1295.6557902219686,807.0442976920402,188.31015764730353,0
27.670591500499995,85.85512705737331,3962.094224739271,44.101404383519295,177.91648101010796,7.192749632236456,0.6799096214018663,1794.7629647345018,1459.2337042097886,405.56510145532116,0
27.761458585694644,85.72429898951808,4022.2591234552883,40.43723488714882,298.1697308773986,7.492395261911527,0.41347633845412407,2998.6775327188116,1560.742663600086,159.10046217963824,0
28.01330635438666,85.53911412963934,3450.1067161741253,6.808019026238106,120.67489705351419,4.506592688061964,0.5541977755649263,2310.652193305321,240.84615147072174,118.77217703229078,0
27.74582475626679,85.74169794381835,3913.2479821092193,20.15641779726643,62.554173528867764,6.424486050377542,0.248706886994566,1199.6184520221072,5.0612840965379196,351.11274671416925,0
27.707957948836487,85.7640785031094,3410.897262009421,18.155628495542143,256.3250473190811,6.43775907184612,0.614368664226789,2484.3836262994005,1425.7134065318069,266.4165003314568,0
27.845781104111026,85.83544776338294,3348.5067783370814,23.006820373575955,297.35215657490943,2.628260242249669,0.3920810669626698,520.4180063043157,716.4093710924802,397.18430698553664,0
28.04426018164424,85.69424679580335,3127.0009615746635,9.382137338191928,36.229492268472,11.21081154221502,0.4040364118517964,101.08642206379078,512.6902565784292,234.18899937039063,0
27.7468221086046,85.557411136258,3609.7799024075084,51.84789115155314,86.3546805921401,6.998053182846547,0.5694578596615053,621.3006336681764,30.730452230103253,158.8975059776995,0
27.918854218962352,85.62769915760943,1470.9783790550655,32.69011203561881,51.109916313957804,11.86615864179708,0.7990244971751413,1027.8305527816365,1082.8973164891918,392.7547673644544,0
27.954647846131486,85.6633870333794,4071.1347331161423,20.276215532901176,125.25890816957998,12.204176013438744,0.10120507728689673,1536.636464804084,1703.0457171748335,292.11837107402505,0
27.745055017596957,85.79066275859923,4038.6366998828353,24.849075853714172,162.12635240594855,4.543928656383897,0.7097945898776061,1849.2361302181876,1915.4751343138128,166.21852733662422,0
27.941286539444743,85.756850237101,1005.2902189244129,27.360127025241784,269.57748130679033,9.888241786041544,0.28390648832975446,2732.711094471121,1133.661176473512,352.134399505256,0
27.7971132530877,85.66024352665403,3872.9403020331456,35.029716668030865,234.4131305574027,7.6673816499557805,0.4051355636051022,1534.4634885558685,1031.3503488410888,278.88977347132516,0
27.90292233223743,85.94393186195684,1363.9315229044028,30.783971384824888,223.5342842922352,12.56188085505782,0.06753066302000717,1508.8141774309308,174.687489051036,311.50954378411194,1
27.903411884304358,85.7725986687106,2106.427875332911,50.96959866072087,126.85498077947558,4.58888815011745,0.2908368622674504,160.22659937071657,1100.0012390774866,261.31441837230363,1
27.864309873629903,85.6067520562812,3576.629722649788,29.848174145291512,302.9211191105136,10.133758403720531,0.4521049941041043,114.3855424421092,763.0582625359623,390.04814433630224,1
27.686115908021762,85.54580211267918,1478.7356257739095,54.607900741165636,169.66338026333923,9.29302546703267,0.0949408618779512,1657.9682861299525,1216.234885362736,390.34695048906747,1
27.984120998235696,85.56878661263295,3844.681286828624,47.571247887254785,352.47777768545564,5.543617730861993,0.4428765835065321,1320.1540536125501,780.5090640137107,348.28608763853515,1
27.778312025988694,85.61068097777303,3895.6830406478707,15.42552571786679,228.29116978646528,3.6392108438140713,0.7916885030867419,2519.149380991093,484.39675128348165,136.8904820887618,0
27.72460740415994,85.5723066179668,2726.88384153901,51.52976073219581,45.455306963220984,9.819677125727319,0.13431457448624418,490.4319582884171,194.4557240806111,393.5988516664241,1
27.666310056621903,85.5839551608231,922.9891381806009,10.818319894273804,243.42392234715624,10.863169497587968,0.6615525824604035,84.66526972997829,633.262296954847,334.8545431865184,1
27.886357177275297,85.62829282591223,1933.337279429686,45.87248542455958,117.03744555541164,5.7875281251602,0.37773684270079405,1352.6259161110763,197.8064444040658,343.9584581015048,0
27.921025744736912,85.57801811788264,3120.936906152672,24.031164673829004,247.07779080699507,9.737991248267765,0.5741389716194705,720.0608846892499,357.90941689384795,227.04399414135509,0
27.65663513157114,85.90354444108189,4432.270240898724,48.898716022253474,25.070813338466067,6.741570891338039,0.25818927838818345,158.34697628312398,1974.735636366194,407.74784465495236,1
27.854837223319713,85.53610518554774,3174.528697260006,48.40283450537252,62.95731738334538,10.558482599391413,0.1775938100330866,2176.5488776744105,890.9865960287042,353.8800600822001,1
27.740598310079175,85.73603012530661,1835.2928918309753,45.296270005881055,308.06541320608306,4.390583298728638,0.17837009141698112,343.66306987216996,1066.084174177508,139.40666328521806,0
27.90806911616378,85.68467857214534,3182.420531158601,44.50152181535307,81.78464052846536,12.682580031634092,0.10639355651451571,1828.8753050232374,1747.8689648307445,242.72231204215694,0
27.719746571601995,85.94207037760887,2843.9473669770796,20.23395695490204,301.3348050874584,5.448915157586956,0.1985173639209944,850.3387529989985,1991.1599564789221,410.2331266860496,0
27.926375095240985,85.55041750597563,3707.443422544117,9.04596415256261,100.53939184358775,6.413431853073835,0.5813755079911747,528.7531905615159,1167.5153264426397,116.51884559408265,0
27.804694138520215,85.67903501957059,1285.1302997770504,25.149008938258074,231.43748762113475,2.6971034249641974,0.7553524894748064,1145.4570535287592,1625.8852729831224,436.4958168747173,0
28.024691995494695,85.93626169497392,3639.700449007301,13.676225749325434,249.89420646353915,3.3381465478553167,0.7013005484729294,2406.3228709066316,657.2473435516672,337.70689891184696,0
27.705008377658395,85.8894782066523,2848.559683233997,39.747554445123086,184.55571113221905,8.190342832547937,0.5981074478995873,1182.3597949446723,614.9591951073457,320.98159217518185,0
27.786426540420102,85.86768243192718,4366.771213892381,22.304986326889278,109.91184361082327,5.211112120735658,0.13834549072888214,2254.8012511410566,808.3939233841476,194.695739770797,0
27.695389408496233,85.61605627217023,2130.73979773927,53.78051004299574,76.5519754935946,12.025762708906333,0.28134995703675986,385.20402742946055,1346.65198903393,187.07712605871197,1
28.019877447311426,85.57689941432552,3177.4388152822135,37.0486038672666,11.94816764247344,2.176320663859446,0.2978455002579752,2320.5865447985866,1365.972420063922,429.7203768210084,1
28.000935741352393,85.80088944896599,4255.301179836063,46.124028181718046,109.42070444666057,6.549128584063235,0.24996555711809698,718.4306414708794,633.9026721256544,204.39535898194296,0
27.75317665108606,85.91821919510741,1269.0350207664453,11.626233637092422,235.1386045912619,6.048146561229112,0.46200452776777845,2035.4054583677296,270.75379865257423,371.42685385164975,0
27.91399361841367,85.75054330185627,4274.022554051224,48.10072411363113,337.7897346414538,2.2319315710112124,0.47844305190373804,1701.686848974579,1266.6305316486896,237.59262937247772,1
27.976888880080487,85.75722571026145,3376.388600282928,51.13785952566972,313.63361361469873,3.4924207880061227,0.3355087801368881,2788.142704462945,261.0100950665852,148.7389247746464,0
27.872080324639786,85.62599059214713,1144.213412778619,29.353095940946794,275.7833195527089,6.963712099023623,0.3330313269891488,1168.094328746189,1159.0925539175134,103.75035419337563,0
27.8618602313424,85.84627181993638,1983.4688410085384,35.31264688754887,283.8410435711875,7.91437501336936,0.7128444783248651,207.83391461497695,1388.3771454723365,290.4900679553378,0
27.74674091636018,85.58416968685088,3449.4195191230137,43.24049004514977,239.3945652513583,6.85147696705843,0.6814342786557485,67.27490179824619,1402.7199353069311,441.52258649212644,1
27.687241107122357,85.6456556563819,1142.462165287578,13.741931363020628,93.70326872376108,8.371252140945126,0.2962366653445965,2482.307097308532,1508.1768607658955,229.19766783322157,0
28.00888630318133,85.69144639737739,2995.813656634584,30.12830382317212,326.59021105409875,9.141580098868179,0.7810307550986074,1578.959556607682,1746.3545460235007,225.0173168975657,0
28.010167222865334,85.728424670408,2145.1790050306445,24.933151388615656,241.46363228610025,2.1190858535340276,0.8122520136020048,2327.9797149864985,1002.4181889697529,220.43206624730473,0
27.90324058290931,85.60908437958679,3135.295863962918,12.318699608112455,201.75862715295838,7.569141913442047,0.3113940336240326,710.9325440344289,1461.8471331114945,282.19034305670044,0
27.78561191641948,85.55167657113265,1064.6713217250463,23.376721114576572,39.956208916853186,13.56199089065106,0.33353995903444383,1041.8003990845689,1240.2496070548443,254.23270919850273,0
27.789683829845064,85.77477901909873,4037.5325021485546,8.408615469274679,160.93999577031315,8.228387361554585,0.454507322737567,100.01057791184363,377.3466798963767,407.97011935445505,1
27.940382271548096,85.62988374895812,4404.560289038629,6.2905953474743495,165.72897763269347,10.130507209507439,0.8028966500269388,2884.8620504765954,56.25084151446929,276.9322771032216,0
28.00884410398103,85.76155719964018,4387.96027902849,11.758314457741138,311.2428994281612,5.742366295002599,0.7510555465138492,2006.925041035432,572.6600644254829,277.7152433659991,0
28.00483456970605,85.56946322187339,3598.746594274529,53.15575557945869,196.79335926760385,11.28789653783315,0.13205437006687182,2800.2832124003257,888.8522441435507,148.43005815219482,1
27.96195021834305,85.71651304583467,1368.310464470275,32.47647679475085,136.94419762934749,11.27505778251338,0.36418459461713293,803.8342582129262,1236.1263591351692,443.95883931863506,1
27.906812658461714,85.73966524464822,3629.7475053444814,53.291108057661,351.6481182638374,8.255552571849668,0.49269695179981743,1838.2761975647259,1700.6688643538948,187.49051180409037,1
27.68365598599802,85.5233205915701,988.5128992516854,26.6248939165066,39.85941359747364,13.712165879350563,0.452505978041232,2038.714905194987,396.51020482880045,125.67742361086093,0
27.714651485637845,85.65147192518727,979.6447855043901,20.590806654262977,152.11743419230007,3.5066025771518405,0.20509045434951412,959.4736037701895,255.4718308474618,332.10118714132307,0
28.00942167541083,85.56048660462254,2064.996788938349,30.307093142012206,15.128883061705904,2.203371978674972,0.7370534169345238,2545.8466126967337,1927.1424952112834,308.37822955490543,0
27.892571623863837,85.52851873671274,2659.1154854567967,26.975584431645505,266.36548347609494,11.241898541085153,0.5915526263974699,2842.012774071741,220.54889595593218,245.300978897461,0
27.65367882064665,85.94548210457548,3673.4667041080556,10.283234213087196,330.50755879169424,11.68586644837859,0.7203266998814428,2655.716801911053,959.5896848638424,247.7672818582373,0
27.69058861714641,85.64505923023863,3359.8633557834187,37.04131573451031,100.8134386381762,3.442486749446915,0.7370114234795777,2219.810258058724,1173.1996389426372,374.7723723662509,0
27.915400707643222,85.8644435006346,2505.249742956294,15.80190912547998,309.0030036476835,5.186993995503273,0.6486846829325918,839.6193923776126,1085.0419697103393,168.49942403487717,0
27.652024633538485,85.6145882946437,1885.0559986139972,35.97939774489148,105.19856296628319,2.210628360399547,0.40136848099977385,852.0319658958389,176.63415328072168,387.0886616307114,0
27.714323220567,85.80667622500077,4489.648200567761,37.51005461990767,327.87725819180946,5.519703329366776,0.5384374040123396,2890.4473581336533,118.76869343722063,327.0614898632564,0
27.869493515746633,85.84210253695036,2434.2526880495025,12.601242656432404,271.4262852948422,11.277702487024058,0.1782923248957945,40.75064284771916,215.43943778476617,246.63942082283353,0
27.92675807907708,85.76803743327353,2524.9932875868317,8.067481355533408,289.7664396629179,8.215526332550947,0.5889163339799262,2150.9894199940118,1173.247429325862,260.310015804354,0
27.91078450380104,85.71220928484757,1489.0457562900092,44.03807930342199,6.48236001616362,6.177147118019457,0.1934026045914246,2121.676026040234,1090.9680508304705,189.82652251513355,1
27.739707723784225,85.68532841136627,3761.314375499746,27.99002118846601,346.6117285466493,6.460871538875963,0.6051596724081254,1871.8417274398944,471.3128801133048,363.24001644394116,0
27.934871688539015,85.65699071994435,3397.256012813359,7.908189775273789,261.60155714531635,2.016243508585618,0.2336785286031749,2970.4254497997285,1277.359412981955,279.5061598068437,0
27.74489963499872,85.91828811491152,1694.7706060395374,54.74331585848836,109.71039433900799,5.597606330782831,0.144041040120176,942.5195129335384,1641.0346666010205,212.29908996244527,1
27.780159879263707,85.87377873350448,1196.5717642170337,7.889028049818332,298.5820793491849,9.757504899655165,0.18222759211436595,1026.515872741812,87.95002489395456,308.6175405163326,0
27.94859656204721,85.93426210979993,3349.797487468967,39.75176144292766,101.34763142937479,13.690333325796285,0.051593708175256214,246.02881481020108,998.7692373783447,448.50705821796305,1
27.909853159618887,85.5559337505685,3256.240371412087,54.18394626317068,314.19138224380606,12.164729923806794,0.6249916942828242,1333.966428265775,1380.174272144867,252.34179787979383,0
27.989689364197673,85.82889036384164,1883.7342971935536,16.95900521079628,40.52894054829733,2.2831395757463495,0.6359208392467033,790.5350934421958,508.3622945040257,422.24199027251683,0
27.913045156920138,85.92225320556948,4323.108824101477,12.112468434359808,253.32695188588647,12.782727256098072,0.4619466799306075,1036.726239511156,619.0029560598324,220.75589397359812,0
27.877323441334187,85.58155487977454,1443.8084104112409,11.069246971121444,194.65145159216772,11.39838095958351,0.17909024084430697,2505.369652864327,1229.2076164638206,119.15644742374506,0
27.687469907131234,85.52992332031505,2456.405283753367,20.163757378379778,34.75240927035869,11.364513482851764,0.11684347000855179,2807.0986954472123,1796.380910420255,171.4847372289501,0
27.797086321223773,85.83350429218054,4297.017312603356,10.052290550532334,87.08177817318203,7.495949108042858,0.06530317314982961,565.341885295505,1620.7992185042842,246.54330016468947,0
27.75608094707269,85.75851290093097,2411.01834093404,39.6080670847066,4.465453059833324,6.776063515454034,0.18259854157217653,1123.801705344863,1168.3447871036692,176.87222500809915,0
27.747595857351634,85.87882294954123,3198.693411590708,8.114589906503134,168.7564675672221,5.634988745998312,0.7626844279865174,2786.605380725028,1461.7923269257121,100.07946337638944,0
28.039204221900977,85.56289756948183,2331.3398326660595,30.471106407489486,108.45549387360013,2.7883383074523893,0.24322947336134543,194.8072974607757,732.8208280645583,420.25053821163453,1
27.807239089866705,85.85787029033695,1887.174728455212,54.83484269264884,215.40869434719318,4.738824361924389,0.3334170617737725,286.15797905302173,1283.7262285570216,395.35779393082515,1
28.006818622070845,85.59073229402149,4442.319532655381,45.69851347530094,107.00561077510218,4.959243619736295,0.13427638758506655,496.7450577266258,935.0322742994762,359.8022810204315,1
27.902455450398904,85.57364517428957,2373.602422734155,35.76097191155054,107.97088014251449,7.808924836522419,0.2278890437985362,1789.6863740393555,383.922592232834,158.73510847611,0
27.96792452141666,85.57391960906895,4118.757133244884,20.312681039330585,267.5495515433772,10.969332879160328,0.46537965662416403,459.91209030793243,1404.967856385128,142.12725167349512,0
27.851054837242078,85.86655862410413,1727.8365812079103,36.19479181458192,17.331420952207242,7.685717940775359,0.536202146476522,2904.548380537693,1115.1469515109,123.6616623153341,0
27.880761553850544,85.79933874931329,1667.1769344903,31.35207319558258,325.04219826911543,2.6941333933659273,0.24628185133296882,1345.6764365029758,720.4500559974148,353.41021607052244,0
27.847007077527547,85.73537944114611,1012.0826983842409,26.304169194518575,306.8149947808253,13.493477611858447,0.09618572738009376,1509.5387014469975,1823.1216842068684,425.08278624075984,1
27.72809719511922,85.66147371785557,3246.0005713531864,11.535518837009974,240.40968596150634,13.312691829129347,0.3628262953019189,747.5092612581655,46.763565064332866,250.68753731956295,0
27.938980846104602,85.8947402433659,2226.69483740554,49.330210762023334,213.55976523865834,11.4222745177809,0.2373626967410673,1418.1711547798532,634.9674367427446,141.69923519861686,0
27.76230894497634,85.67660029834019,4011.6896994226936,27.489232441066125,321.2288993302748,13.895934818770646,0.22564313858384155,1989.1217615846645,118.47838856640489,279.3374872562373,0
27.65972638657258,85.86746974776221,2603.5556640896057,14.731125591038253,66.7188646303372,8.533787993603156,0.8178902421707642,2256.019639492588,1534.2219958621463,222.09116761052053,0
27.908188918362868,85.6976107088566,4385.496340492999,23.38796754386448,28.4288983886983,13.553220203038473,0.5430403887405792,2264.06556730264,1405.7043709570162,231.1887235224992,0
27.720844271762818,85.66962499324121,1567.891856531236,25.70648762644635,86.22366116743372,2.9072604874010093,0.49550275453767667,1737.8944269553242,666.0476763789525,317.4657184544975,0
28.026183433741167,85.70820590355133,4027.043404640199,46.37689477834371,286.0481803320685,6.388168979136456,0.3826200828186575,2714.0357272316332,1352.9474899031106,351.5513396417708,0
28.031571430801037,85.63562004337386,3695.7486700502704,41.6807190280701,12.481296021533996,4.7045752160811904,0.3931554667441154,2454.049463445267,794.8947662609199,138.7112596056063,0
28.01594575608818,85.83642422107931,3675.318640718587,43.46524468206699,209.81046063005627,4.34999700961124,0.4827240030704646,2273.57386294889,1513.7263138877565,112.45658078226674,0
27.798063480102176,85.72622417554162,3941.2196212207955,5.55156322143236,358.3575058288716,3.689635386712113,0.6071438456288858,176.26050982457727,911.0964071597286,448.0156059400002,1
27.656182646611544,85.60449571281607,3639.686367394796,25.807699908988077,308.0505937815142,9.46896369879196,0.6117168769454635,30.56510703675145,827.4980570241728,181.45492212044314,1
28.02132742503509,85.90480855797355,3154.3931578730953,29.06720758176618,187.7204480556922,11.37586226896766,0.18735512616435962,645.2173588144642,1869.7861813991603,118.84068371796067,0
27.821273659326927,85.67275104961794,1372.4815596565952,5.9596138411528345,22.910727343191244,8.939580793044328,0.45009020166130154,1993.9355458012224,505.50380428194694,166.456365183572,0
28.03666192761747,85.7445987875013,1017.0942461685069,17.990660437251712,299.29446517885555,3.763552515058516,0.37956647602728155,1239.480491758812,245.29244329314804,113.63524622196248,0
28.035447990835703,85.90791244993405,4215.052252136473,43.01449115610675,215.6322629437958,11.73348523920165,0.7464215730155074,1213.194715304942,1171.1635109526192,237.1338131160101,0
27.991203782186943,85.7809070981613,3119.941132274657,11.855485286449952,41.37587894144406,9.631456485964742,0.5551351369747011,2654.914795806545,1938.797015506937,380.8406245579635,0
27.767779556827833,85.55260411831877,3767.5342475142347,31.765506572629583,33.78862253640823,6.657988473523947,0.4760032531327854,2687.7329159141977,758.7892313857374,219.4355574152022,0
27.80403909144077,85.92292445562606,2633.48046544518,15.760093600861875,327.46565499717326,10.089563546432755,0.1423157137431339,2728.434039520221,128.76334343941915,255.4641924074283,0
27.990454668606745,85.78246862388214,1322.30948026462,5.606038732194664,240.91209465770822,5.118859750913995,0.5345103114587292,948.4954487799316,681.914008282587,336.45537074860357,0
27.77676880206251,85.6507075265957,1350.6688519291815,17.060072879977074,298.543247754032,6.142306501930526,0.14376312454418672,2076.2568800903928,1014.3336503675191,278.1129245244581,0
27.717797098674435,85.56267243269852,3368.0350340242967,53.79368774550269,316.4324041016162,13.009830117583883,0.3197652604526016,822.1832120103652,328.03639823126633,401.50599010746345,1
27.87272050498334,85.85731133517163,2449.101221638066,45.07685559414948,205.83804673739598,5.486054068057045,0.1642735718514655,579.9234008926048,1317.9139250227017,403.1124862660148,1
28.024461909664314,85.77903274016784,1621.889016121212,52.97883221605167,186.28068663181486,7.639859217895239,0.6036589176194951,562.051047468634,1995.5100310753503,103.46874342190378,0
27.92841191866999,85.74005749138935,2669.740368269173,29.392702196318123,154.95386771555647,12.681693648752177,0.21500169106892209,1032.9017863821462,906.2202545829804,372.31620726911973,0
27.878024468035747,85.90225166237293,1131.1521734704827,10.486809933875175,114.10077160480294,10.49265620321033,0.3634874985504208,1295.573283141667,712.6834706767742,261.25676008458584,0
27.688870597508306,85.85486874505104,2995.097046891836,32.39797444868465,156.45454590913624,2.746438713976433,0.7665398220950229,2494.5380214546544,804.404812834761,446.0941894562821,0
27.896002890679668,85.56825369587973,1868.3762559663517,27.718866727998044,278.5966760628563,3.767636531347644,0.21345310671917622,368.4743694834092,234.71662589842626,269.13122655640234,0
28.046021540041707,85.640274930508,3771.2127622938774,47.2178541369808,216.69243516544736,2.094099089263002,0.45624405116702327,2207.4282837107335,1767.1308348453165,445.41358088590414,1
27.706033606094607,85.6118201129165,2017.3030521248656,9.90412903921223,321.30838438374457,9.571061482749961,0.38541732893281755,1599.050193426023,832.5771827650972,364.0992764220078,0
27.857331860945493,85.83477583165771,2538.7925366944846,29.41205685108891,159.61680517650757,7.3720811049250194,0.06449923283658379,870.9565746012175,777.6124507925584,187.0117096146572,0
28.000949228771184,85.5150895956311,941.8339436691623,12.502433234699213,218.55224833875144,3.6112982108273064,0.6842064908582502,1483.5305577531456,1321.0820944962963,288.43824275043517,0
27.94630744710168,85.7564503581921,1160.808796060412,21.233796344503,227.27071911311594,13.495209452681244,0.10523672505167977,906.8267886332977,886.8566747575915,447.247473817504,0
27.928806296398108,85.84310640858331,2312.9768030640653,41.86785386938998,213.0109784302772,8.355916687347438,0.4294040167815628,1792.2850461625349,1298.225770271653,400.1357127131733,0
27.930993633594845,85.8945445365428,2627.7798049816447,28.800906468438328,252.94815831078589,4.90271952935467,0.4985426359511599,1307.19332933718,127.58534881092108,134.07841282692738,0
27.7937964604879,85.65393678692216,3060.0739732294933,23.794414257288466,85.47604861493026,8.007242853856491,0.5527411652916696,501.5725319458474,1628.3780707258438,347.2301988834986,0
27.767436737705797,85.8695657871024,1949.9852833534917,24.723813928501766,184.45095991648463,10.155443992821294,0.6009053034463004,358.5833929215332,1881.3053859944082,220.95285505478455,0
27.973744462191405,85.54978428162984,3401.934790055553,27.97233842029933,37.520929011005165,2.9148706156827737,0.25261790681817203,1644.620089395669,1299.286945387975,102.44379165812184,0
27.974045357871674,85.88090353128054,3996.4406298811364,44.25082719185284,138.4240779521325,5.296445780574704,0.057983021326759504,2708.2149695254493,1909.3590280733274,241.21833915944987,0
27.99682892743204,85.55736989804939,3707.463560016059,49.60423444701172,175.5601447036552,11.683585890607922,0.6287549298839296,1038.4334828074798,307.10746716807677,182.16404760373996,0
28.015296221022588,85.67877928075217,1042.6277712540857,52.76673432519642,234.80073343637008,7.515978444831935,0.47852527947806284,2201.6703205956433,957.4452980133057,386.604244682165,1
27.854536959544376,85.8587829146008,2629.825010128184,44.34516931276475,342.1911789310333,8.558925704387539,0.718894162565799,1979.3974512699033,1205.6044342211674,218.06571309601793,1
27.85060651787488,85.56746284230695,1277.7486423054295,20.77034478740064,216.2343839574081,7.193792026513631,0.7071106903205554,2795.3491937853482,1165.5646116052674,389.63329288383596,0
27.96931807158671,85.60316312785469,1771.3620571050988,39.40673530432711,267.69380982356154,2.5267993117160614,0.7246609342303065,2464.733241724431,805.9162492826413,100.20927859217836,0
27.909985572311108,85.82501365577689,4451.985335761727,26.880156202769598,182.255781418273,3.988997357841871,0.4380757279836321,1704.1497241273344,679.4783966856915,207.7367025091417,0
27.93078675090308,85.82401644144574,1412.9839544454476,17.733531102302557,228.27745129547927,7.346499664902691,0.3169027166694925,1974.5211897199808,258.0139249880855,184.40782500771667,0
27.96831706777444,85.78851643479838,2695.9973524248817,47.04357897129613,25.535597808158435,4.510225584895133,0.683246562073096,2696.175535086264,786.526188871745,181.74857637401385,0
28.006002136727027,85.8122768000102,3125.360643545229,6.92131744811625,91.58096910306492,2.599748343916145,0.4110352904234039,1204.5611659149351,329.50832613544287,123.86531691791194,0
27.785198062740612,85.74422599950643,3428.8738939587743,50.08809960677117,130.26711355384992,12.123795968621884,0.19675375712274762,987.1161705147543,1470.0595246019757,165.4934946436756,1
27.800233181055976,85.61330957650813,2914.735260552891,28.073873231236707,170.0976078023449,13.77431034996939,0.7339792156491795,42.32514006923705,421.617716311707,294.442349459967,0
27.687592775936345,85.65556319707676,935.1750507090612,36.86007384041402,16.433548380858145,11.517714487960873,0.7560479014178778,2481.387711832478,121.83778404264504,201.97637549321058,0
27.88131205639847,85.58171897256064,2075.260709678371,37.96769611028913,50.40867511919436,12.245419060456005,0.42304780491213606,2404.932294206061,1106.9704449453825,246.08817381520177,0
27.664376909518694,85.90880275260014,2763.761916184961,49.75588703532682,99.65315080487008,4.903725563804544,0.11055978184782997,322.31900911945263,1192.4833167752063,231.90340812151598,1
27.836239207252984,85.76252630764476,1216.3193969214,36.833484108360366,349.7517687243782,13.527523706158398,0.36026087193354495,1734.8035695867736,1744.4665572546085,406.5667237499631,0
27.86705785388303,85.68038313754364,2162.256952353051,35.696679238003085,119.28492255709827,4.363108453441141,0.6928301275700827,1397.3052775189933,1156.0783167732752,416.85464965368044,0
27.764616500851314,85.70790261163987,1019.5311916489196,8.332602028034497,173.5347809203497,13.417157724341987,0.7714192228369829,364.9401955722433,694.2343031782742,272.534940079551,0
27.886333304227605,85.92627750282531,1182.8825897580746,30.920401097260203,70.59517658582146,13.937831527591413,0.21277819399807668,2941.8989989115635,1607.0087036450095,215.55458261046152,0
27.662200099975617,85.56900813140224,2328.923794325746,12.508450040852082,219.88082558727658,10.540673668952586,0.10357888962021722,651.9407035154328,1082.856391908905,137.38024640082728,0
27.664939275499684,85.76380342440756,1377.7767145550174,41.87168843607428,101.04595758575076,13.773724781501862,0.7518803625062709,211.03019847077783,163.16416783922753,433.69100778373326,1
27.979040224263862,85.72764990549801,2943.1470537416094,30.611096040633726,74.51732823783364,8.834477354805244,0.3615239511831002,1788.5936647107096,1133.871867824927,121.07943071510411,0
27.794076256564505,85.7751544059456,3382.073888894157,39.01138896041766,185.96614624055246,5.1145013981130845,0.4834087714140506,2219.2113646277676,1816.4969981162164,204.17759714889814,0
27.70082420506075,85.50814958271938,3782.1121167926985,7.0836450301192135,1.9820876977514956,7.24395062798745,0.8244526496406072,107.00590368108902,795.64368786895,204.32317040950147,0
27.858897304021923,85.89245575902487,1620.5408792813164,9.23960080229016,2.759051753721118,9.122731224545431,0.10325178233137827,1979.5657397937962,596.1699747901012,212.1404501490752,0
27.957997421239444,85.91945322711763,1502.9372961326512,40.81616940313411,78.8647712766688,2.87697874432418,0.5686544059616765,1601.5527090948488,291.22156675095,157.50039514534325,0
27.736328410998738,85.75430993261514,1276.444225203841,8.604216799933669,13.219690500295611,9.468119175406953,0.10928433805989365,318.76237653639475,307.13381626103785,374.106500823294,1
27.8991561903276,85.8134928707446,3191.148898357092,8.56283638826293,38.889271487048894,13.774134041147533,0.35037514277320025,525.8463920696225,868.3791112619286,142.87425168809622,0
27.684138985997507,85.91512472152978,3443.312615352844,5.6054237617443725,121.98983376195058,4.281291797404732,0.6930516361547574,1708.2431489750807,1193.3812492022514,322.217330703607,0
27.67067268846744,85.81825738544103,1013.7101213723113,52.82506991497401,288.9308446487326,11.5111413954606,0.3967777862045075,896.1092644047322,165.82773331335548,143.3461093470361,0
27.86254185262726,85.56864256931142,4270.364086477283,41.875417972950345,205.9375116129483,12.894785525355433,0.8477458831223603,2815.564028667435,1879.4393351052056,124.6874731575348,0
27.86625404864404,85.75932976207507,1087.0966211453006,22.66257042510321,184.56038134430992,13.32441911384265,0.4972474279572817,2458.033286157312,1511.4915668031658,418.3003262900568,0
27.904971960599283,85.77302177087229,2848.6668070838537,19.826779064382762,105.6559763549238,13.521627252865366,0.30692972210876274,2950.8659474758524,1175.314716975907,166.545068211547,0
27.940436533489066,85.69085880208607,3452.617870023299,22.485161487292476,335.4313389958139,8.257515664657664,0.22608906072380247,786.4158084617378,1657.7351485232866,387.43755409589653,0
28.040340831785013,85.83139990603112,4035.4888454859083,43.732676559059094,142.925414845389,13.727694895898043,0.3304164274289294,2909.4736620659514,164.97257984016602,290.62080488749757,1
27.856520139320477,85.92046515664606,3470.71295567674,38.068530553520716,31.353396046477737,11.087722485613266,0.3480266190076406,1299.389270676758,956.2935610775831,127.24978186306936,0
27.779182589176497,85.91650583080805,3786.2210990512503,14.259778393373397,222.14394580240847,3.9400572348435428,0.10497094217916877,1049.0811979881264,1262.0357880890185,434.4068670033236,1
27.968074477907482,85.70287771713186,2122.0206931541015,13.705466766704218,40.98182165157651,7.722801277615639,0.3456593595414185,160.5450856383662,1658.162547705987,186.43640844716236,0
27.75833290050483,85.55095712062834,3833.3704094874442,9.919782485669867,124.28033140860916,10.619974104464047,0.4213908157913799,167.76812100021183,1568.021772298289,400.8758708734123,0
27.825588568282253,85.94317853953305,1188.4134469848304,38.015135985066905,182.6682979384112,4.9680837898290005,0.6281902017910437,2079.1136552804974,557.7531531782323,159.08350202459746,0
27.681382552536906,85.87750413890068,4121.339961817899,43.218633111086795,314.7201088866633,9.687382202586647,0.5753835877772864,1379.2076933577434,1882.0559382706126,398.8800087496485,0
27.660140297366183,85.55609820654146,2871.3325541534505,18.2523214162502,177.67676892244273,9.999205748559431,0.6170125241833234,687.299661847956,253.06995365458636,104.63008451685289,0
28.03505936587117,85.91437884717782,3842.2719718649773,6.04724805154564,252.81315577139912,3.9523969257027907,0.05669094550148568,1845.7712159124455,1750.8915691491984,279.1231597993183,0
27.98439204820488,85.89145336292796,2528.3458242658808,9.108583373821368,357.41406203966534,8.781023749433075,0.2241339196644288,766.0457735678324,1942.025797961214,369.30490279754486,0
27.92838968243748,85.73347712570673,3216.8797027074897,53.39300174225152,47.336083163273386,11.259522931743293,0.5793474307198851,1737.1189454898235,358.421278829138,427.1784311224742,1
27.81358117776571,85.76607394608521,2795.0495793700075,19.77223887387101,98.90334918702703,7.986747974431303,0.4371914945437977,1084.0341534782442,1445.5217980865516,418.2207476722705,0
27.719317728028336,85.67955121674156,3533.7222783191946,43.46115739190668,142.0473872151527,2.145237401313289,0.05425078053467676,2472.421157569339,85.36960996210694,386.8687043416757,1
27.712574817068433,85.52464273746992,1193.8679353101224,36.23317844271319,151.8581442739793,2.108461628951506,0.6935957139454578,2463.88152069267,813.8185361526141,410.86697238145643,1
27.750097159265838,85.65083875874066,1117.2675023660297,24.096981982644795,147.96758709559649,6.284352127640146,0.6682476586322699,1437.27769038598,1034.9851818993598,169.72689004297678,0
27.869690665882448,85.8612840518691,1789.5716424365273,15.284363109777756,326.73996092035975,13.114328821181385,0.48873533039485006,1058.9491369116965,1163.38722568972,199.46450349910506,0
27.935838369080024,85.50208441035207,1474.360848407478,11.069320907970322,257.0517520080683,4.744121355243305,0.10317066062101769,1094.0537917116926,1872.1948102558763,201.13898372237048,0
27.91407895068709,85.65007462726102,4038.420839731926,35.75064840194333,218.84587707265334,9.612364266460245,0.6632120396260677,2419.0864317479713,1346.1401211519185,231.9688758505946,0
27.761973558778376,85.67917591211592,1689.1703544889597,43.7316890318894,111.37417843060155,4.664910448319847,0.5169708701850911,991.2566535648599,965.1495126823778,237.66223463481603,0
28.031946112265278,85.74182802132206,4413.114920948872,37.19521267705653,296.5645383196661,5.860039875914584,0.6755679817263673,635.0875273834696,1620.301697350449,290.5943636291364,0
27.945158766678308,85.91393502738575,2112.8248503759846,31.515106662457917,343.82178413459604,12.176505075217808,0.6513975939166723,263.2181422071674,1901.3129778040459,155.9579171782545,0
27.87174162100456,85.65585569746469,1555.6244964793173,7.097561171581813,295.63138171808157,10.746337307239362,0.6924016575662697,1405.4124314443811,49.02196662117023,341.93633232509626,0
27.89468829849374,85.6561289408533,3742.914625712925,53.42443887971919,0.5634378689302455,3.1447913277585275,0.4644064531236998,1451.5749757703272,1965.1299381507972,158.64828875657727,1
27.817840024971115,85.83187556164938,3271.347991803154,44.93570958272873,229.10449326602654,7.144424251837203,0.16225961455481197,2524.3170441046923,176.83361743204227,208.60796873659163,0
27.749092395800464,85.70349807340041,2693.5045792313003,19.64110183504824,18.40873731915626,2.3500371637431736,0.586925978703751,671.5037023737312,1629.7016246411788,276.1707957121539,0
27.792389071460505,85.601072170323,2899.3087833754726,53.99851646794253,92.73859932013987,7.770681759236108,0.5463790280415765,1149.1639082685158,564.2678313400679,378.75419653321705,1
27.953138444185747,85.70359778225972,3489.12640178015,35.09407948181611,21.428892125197805,9.949208140412818,0.6438025497592698,2427.133159292136,268.69841721897416,358.8142316335545,0
27.6557573954519,85.5633856591709,1722.4370687926753,34.12113291036232,217.3663630617796,3.4220314831778187,0.18590480484058824,2472.634596139431,882.5120012291006,325.9370247436828,0
27.696429056202767,85.57937414392781,4486.802097804271,42.4036589714766,247.17236885733845,5.466619266909988,0.2059801599202314,1159.987117176517,1289.693375997989,154.52064120305954,0
27.6684010568087,85.72426549773277,4409.2553837284195,45.58848940450688,41.21554970372584,6.774039506025883,0.7623276137754628,1382.7808296271758,764.9989308218327,291.4658709654522,0
27.666291520927587,85.68851645227704,3241.172470848973,37.823930366575134,138.18199789619263,13.034372295872597,0.6499822387616566,916.824813639356,113.85798952398441,130.6062756299599,0
27.9921842336044,85.91168065548065,1618.3528233449224,11.404787318310001,164.24514322399511,13.919060185075569,0.7765827909602583,2798.339086473743,1200.9249736191396,232.07711187882776,0
27.93146314375201,85.66307725460248,3348.8216727526487,21.91337529972492,132.85908783392998,2.5389355879473903,0.6569722569311366,364.74485956732514,1805.294535840796,244.7307856014857,0
27.83966953163493,85.76126475762513,1159.914272325033,51.404182016302485,43.5690001746695,11.132095081944705,0.5277242447922414,2801.910774774395,769.5146550647671,113.93400380601383,1
27.6891336642604,85.78451892956379,1010.3490079409019,16.230780592192595,150.82120446749116,6.460688796828119,0.573306189622299,2054.7606909876763,436.5838913734999,195.89583481449014,0
27.846646350046733,85.50589250546474,1827.6583986403693,23.608351191875666,270.4240972110305,6.70949823475376,0.761302339152008,1599.4007365333262,887.9418051359667,434.4773135432713,0
27.839388708312224,85.79859181740753,2565.4426442615386,26.6038441472098,25.562759231971967,11.051179680164273,0.5130454036095524,107.65059174564267,101.48360854231784,433.7714127403913,1
27.719280747964007,85.58011618509138,4025.7810194701697,26.970249484722608,28.864805069485243,13.021117185744904,0.55591305946271,1432.0326135478049,1641.8727310381482,223.31446898838874,0
27.82354065969519,85.93248164286126,3517.808651158709,35.64697912472627,127.71766506095432,13.411143134030581,0.17518137280288043,1229.1668339581695,1653.5499178456225,115.08503813191342,0
27.80940189375895,85.5668982274889,3573.7434763199317,52.15379188723538,339.02125618281303,8.92547103245985,0.42913697609288215,492.04424780561646,1178.0609245421088,162.68322876486354,0
27.89634003922089,85.68658085567716,2431.7760040130715,17.034635591625246,240.68615282024905,6.285453911606034,0.6231176895664792,1972.6647144669641,709.440263432087,237.27622770173903,0
27.90403746034706,85.5384073506354,2145.365973169067,11.075068815045903,244.32118440212332,11.450589030305352,0.2667541586530923,2913.7412130311745,1600.5678120693378,431.7228942892304,1
27.668121603908816,85.94859341333068,2235.7395467445695,14.873524492996866,130.29119670163138,5.012016599147604,0.21180334441962795,1690.94454508293,1111.6006144527926,149.41967223801473,0
27.79984504585059,85.72598775464905,4455.538429449808,49.34624501046348,213.71788483507385,8.768888346002214,0.30106144657953243,2147.112296567398,1652.7349555572823,367.2305452838743,1
27.900343966285696,85.76792325779402,1044.393089084937,37.2905406327603,3.6472262499876162,6.302941538298478,0.24320050239426677,214.66685317239018,1264.7602912031261,138.03888878114222,0
27.851254503432035,85.53018441482479,4021.3133860408147,19.295339461958008,228.9945767074352,9.879572884494513,0.2219301096291167,1258.8243174928143,1569.8889190595305,443.4401520869469,0
27.99259593647533,85.83748221167963,2983.2314708606164,45.797346948430864,328.7833011274452,4.884786954722083,0.3898806742944695,357.91187064184265,1199.133171469431,233.56577468819725,0
27.913477452647577,85.59445751689302,2479.0155090825256,48.0684998181718,220.5264486041349,4.299115348817909,0.7762708111068273,1842.259548254166,831.2114310902541,371.3320886146696,1
27.71517377083257,85.90412443024833,3510.9275774944913,47.3257169345139,314.5314936478842,13.018869040105244,0.4556477173909746,2816.0616530603224,1916.1019905526443,219.90687898389615,0
27.678227498960172,85.5923128382169,2652.00818912893,50.94632668197772,260.63029996779375,3.221644195394443,0.20033630465225843,1988.7154200901991,1084.5220806332952,319.6841070055831,1
27.906967711282526,85.58580947429866,4044.323657093978,17.61205100866808,43.40102990532849,8.07149489281918,0.11157733550469925,239.64111446012038,1212.153589488374,167.20562965901286,0
27.660604524216648,85.51644735053165,4142.52671044053,42.75209643731392,324.88319062290304,4.650233395556107,0.6069249161103402,1070.4519529053978,444.87284063242475,151.1073567539369,0
27.884310232509385,85.7124301252995,2418.1953367444394,28.026974863707,23.91978396807896,2.4671595599080094,0.35623901154911025,1656.483504528146,1253.1733249074166,428.32244884884597,0
28.026092096569982,85.75417850996818,1896.5800700461857,47.099927644503076,192.22829011719497,2.4322258194971167,0.7074647572682874,1215.5911908384242,1145.357260718473,421.1765472665517,1
27.88018967115035,85.52956888774276,3032.4611829361043,41.42453385808066,51.169364565644756,4.102661265269928,0.5776086149126162,2502.5955913207654,373.75260390431475,410.6141290745088,0
27.805267970482607,85.84898742751275,4184.508044220087,43.82237232498623,4.214379863125464,12.401244254072003,0.6869931604330948,2445.866304082868,123.87625921952171,318.90170755830775,0
27.907315287376942,85.70397997563661,1658.3838804203997,37.808091884053574,151.93233364595005,5.38974492772432,0.267556831534759,1839.374750108632,1210.6968428309683,382.8938739256974,1
27.833301156196605,85.73597562119741,3142.679700828538,13.871438473485343,106.21465475549624,13.405510046903549,0.6038871379688465,1126.6392559467888,1528.5660773538896,124.16292791898121,0
27.868246715726375,85.6983432361222,3173.616792333074,32.25134594484692,174.96017776713708,8.979467515870322,0.26124958775497503,773.4557575521,1049.1857349894065,217.1761646617377,0
28.02658592351061,85.6803433773939,3539.2068806950115,54.23348697622541,207.7919592244383,7.239370277225193,0.8012547835602333,326.56421145725665,457.4113875126932,209.79609366500466,0
27.80444105512031,85.7518381490887,1373.6436664581352,51.869403324855945,15.746066031221048,8.961066016033456,0.5590994252266995,1071.1440736247966,1334.7113435026047,322.4758626834147,1
28.034476225529566,85.56985811066882,3476.969872855519,7.1586867898505835,44.28118624454843,8.200380622715214,0.30960944014027364,1245.3858264510814,164.8109245861565,224.5852207147242,0
28.012140256782427,85.58186765872287,4172.517074396308,13.240740786471857,201.11126272215313,11.105315045087902,0.2656094898338181,2030.7105460611801,886.4582410798995,151.97737357528828,0
27.728316453915717,85.88780352945608,1546.859191932871,11.586438672728097,123.54024714215696,5.389952791674228,0.2027412680573148,1977.8978746497446,330.91668300484827,308.76347639474034,0
27.677744520350064,85.92575195796013,1755.1559697259595,41.29899549926478,262.50245551780125,6.236604699203628,0.6057127671149822,219.62333752735827,372.9958068644673,385.03437223417853,0
27.69031120055097,85.66798919232589,4397.022338549903,45.889266492847256,234.82499349309828,12.729131630399008,0.22497249039834183,1191.8253531391617,408.57642857061626,233.7432230609906,0
27.657288730260618,85.6218351029146,1551.517029754163,15.675568315533596,304.41757067636644,13.357478157804866,0.5262426127419912,553.5188129799121,776.4805788027359,146.2940502844686,0
27.68777718430237,85.78979979445756,3975.786336130485,30.29263464759145,249.2974176009211,12.710698729837695,0.2617080215402859,478.869988897249,107.04466021269326,168.84086905948806,0
27.923202709366542,85.68393037699414,2672.2002832129256,47.03515140056,154.77518786045331,7.0333759274877625,0.5795751558350949,2483.633427714365,798.5979146535509,183.1191568092844,0
27.67847545938409,85.51142386004716,1790.0318678514373,41.64007723831253,242.26798406199566,11.36438603608258,0.7019517828324313,135.32649798161003,1025.8563569938283,204.96415754808768,0
27.777590252117506,85.57026866881479,4034.699644581041,32.111860274592416,99.13722273195067,7.716028799613186,0.6724201945157225,1263.356798947343,969.1720985078188,324.9782746772082,0
27.987950124387783,85.82218750298134,2503.0989180095958,34.51738452293864,110.27285956015656,7.970478225753226,0.6586810647446254,512.9289307418894,768.6542803040659,310.33091958820165,0
27.659308774294328,85.79651577385957,2753.342474146885,30.418027345813996,284.0346575714856,4.456161308687408,0.20017792455380162,2639.1973448786375,1679.0974831011513,343.62795154846367,0
27.975787393035574,85.51219319662657,2193.2401298391565,19.87742256594103,160.7110259045696,9.093563639102197,0.12070795758761496,1675.551134692355,294.9267513789057,226.87569458602962,0
27.76274190990936,85.59988747286982,3034.623065165739,33.251099642950805,287.4169225866069,4.233630773040176,0.6091590627899085,701.8281027667756,1013.8650038438411,388.3991781579924,0
27.697265931048662,85.60398365846463,1488.685941306082,39.44426510250453,296.07205452058025,5.978776388806326,0.34467777103548103,1512.2575886274656,128.77262682832583,171.4306814045161,0
27.928694866145662,85.80235173461944,2307.8935319463385,48.666145793040386,308.72244155806214,12.260362419439222,0.3958769811226778,2197.1442155123164,146.95557936142995,264.16426163135384,0
27.901577138711954,85.50886974198946,4389.884360407035,36.814567698962406,329.9886849028346,4.484909710530262,0.07491927423471285,2874.772846669107,1149.862370105807,380.3285525395006,1
28.00098880541082,85.54684886189305,1829.2803577240593,43.0560768521579,155.15467938478665,2.8538994220811937,0.25766115942003937,669.1335526938026,1134.2067576512027,163.05552670641674,0
27.944028417521555,85.85996223841794,3264.251992348652,13.00358174772865,114.79205459560998,2.8280911113537957,0.07694112309957121,2659.683498666742,1756.6768581246915,138.452089809274,0
27.97139237215394,85.58034509792445,2070.6842312089016,28.077873720989494,209.591548773881,13.289414246037294,0.7533486180809981,2803.569301360796,1117.957982941846,409.2893886907964,0
27.76281382902852,85.79373574853335,3684.503252471762,5.466580991354665,133.62207243754594,8.083045255542014,0.24471734657482436,2750.097428150878,1919.7830857076763,220.02538196571857,0
27.72097581751189,85.60718225147103,1371.1451785860595,17.333943226081153,216.38670004808387,6.91294486180422,0.4958697356584064,1909.8889270171105,102.14622255785989,339.35454371816115,0
27.950245900656345,85.54474862674171,4391.355762282761,41.32308575565024,254.01091055177687,11.730542972095021,0.08118345652890432,1893.163756759776,200.52533113757843,108.87201149237846,1
27.972733895706906,85.60942748594975,2533.6423489811013,54.59049756746817,247.82580665716927,12.029911134926191,0.5834779130445265,1215.59979321963,92.91139383291087,341.5164109433074,1
28.04620205680027,85.82502011933505,1749.7816680472702,9.958904979360796,134.83903932724368,5.986292397387255,0.3084218766032751,2259.669668088326,374.62731641541234,210.63545904143967,0
27.81504707076457,85.88506341064783,1164.5882903880456,25.074715793064414,60.06967261155101,10.323416689685542,0.7683353495661326,1598.5691148692865,1084.8338713286478,119.50929875560462,0
27.798807234317113,85.87359893905514,1511.1284583151466,45.00354843495798,154.9905618463947,11.253473790222639,0.7604945511472286,2035.5398329726004,1292.9165019477189,313.43446654184095,0
27.960565184296797,85.6787325883283,2771.1862148016635,15.201781731444942,51.33389186948715,9.855808242391454,0.3102324946893982,1291.0891325078985,95.94239010759425,184.28133562561064,0
27.786321416101206,85.8006383114568,2113.2114351526307,32.75424746511431,320.434932666171,3.8191408976011925,0.7707687165523743,2197.1744274889857,1892.2119252419707,235.382534718158,0
28.022302930241427,85.59224293293713,3883.9801171773943,41.65356480148374,124.51588586562866,12.510597002204683,0.846926138799023,2475.1698376376016,1685.1199264175102,128.20328430027976,0
27.993365100737204,85.63191647861746,2451.1950851825013,35.79927251300895,55.605509000396566,8.469134632832105,0.7103325312991584,447.8444072424202,596.7419019034008,151.50713788323085,0
27.821597610950008,85.90335111833451,1795.3713813154677,14.401236730770806,9.161193566070317,5.389669116440045,0.7258970782041831,2500.4598495669416,158.98912280180357,204.29203242354532,0
27.950348427116598,85.50585086557983,3121.7219517745084,22.769228434286973,232.49605906313434,7.1027382252523275,0.24920698888727194,1625.4866300530186,343.92471107201925,131.41582519605498,0
27.95181714963387,85.53847883888452,3444.397980787605,44.18958922426986,229.28483428370757,2.4508530847868886,0.511361919086205,2535.551068179771,258.2541054411705,418.78919264021033,1
27.691249547534373,85.59354881481572,1501.3508684434196,32.71132570660083,122.617499969265,3.5344016146690107,0.10380473117389427,1299.5921019596337,250.95113970139897,102.11646511439244,1
28.011021162671828,85.51193949174322,1503.4291786379436,5.261480677145637,25.816279985154363,11.186561006190331,0.12593434945733578,1143.3310512952748,1039.5305688881392,269.351076602509,0
27.852100948979142,85.58164594579041,1032.0171369607547,43.04953800140469,147.46640216228352,2.0001396170643937,0.8491140896266325,2746.031590226495,495.4656477743336,143.136610346393,0
27.980582986443096,85.76236870243636,3551.047254236306,6.7655677470119535,112.0382982228217,6.998789941787506,0.31131139954072873,760.9961099697199,719.4887344756431,207.687681317282,0
27.778019840412245,85.68964104776663,3289.6962994384985,42.286689136561606,243.76343030460336,8.270122173027062,0.6485471296390771,2534.194852605568,1979.0631401017233,424.1208459363929,1
28.00820929139848,85.90170226998464,2608.67115269933,15.12402800826187,218.08052980296853,2.6556130400116675,0.6953320424214532,1457.2215118031183,1370.2069266060628,156.5930936458954,0
27.805680671493665,85.8678496027823,3939.0136162891095,52.90367400596901,131.2537421511144,13.676937955667995,0.7364186168057834,1547.1453732282666,1898.2164307587677,438.0413119014164,1
27.654335060592118,85.65381780826405,3800.4125506201913,23.397037565104224,78.44131953179644,4.713503974996064,0.8481026379217252,932.3201616535572,289.4003272910656,172.0280319462976,0
28.012152790567708,85.61674054504408,3007.2757118283075,21.346580816903955,355.6929478160131,5.650384635635371,0.24319718820549424,1723.396179850857,767.3682522909756,359.54813796339033,0
27.686514670714452,85.67086158367528,4025.776609847731,12.444402516622233,163.44058363060134,5.6473101470603275,0.08228066148775977,982.3814768658718,1111.6899475482967,291.33704271405907,0
27.777725455036165,85.76563272413166,1641.0283561323658,20.280210774510742,247.77872488088533,4.764999945408199,0.37895321439566876,127.41554858254041,158.13233346803233,409.56755465886573,0
28.030024786820324,85.62062863837029,1302.9106298318204,48.83253809141003,50.59906832820988,2.017685865035737,0.15406453586315755,823.2758299796246,13.353950037775942,293.8976394260958,0
28.030242858775022,85.78086700853211,1871.0986014611626,54.81671688136237,174.81229187738322,10.752137529055956,0.0679407113296441,29.07333978570613,1342.5164959248505,287.095726704708,1
27.879375155249313,85.68423524348606,1105.5126819215334,23.415476525342417,9.913219153007574,13.602145997591425,0.33834146171318885,2935.2808133000012,1285.4299360188636,168.41030012893998,0
27.902734884867918,85.74842123138339,2812.210300803715,27.430531547727128,181.96384244776198,4.69152179942054,0.6769906008601891,2897.584157361045,824.5236759492254,158.18027671808056,0
27.829378208791326,85.69625693811089,4271.780492261862,41.10354691013685,347.04626656237286,9.956566301641068,0.5029445529800567,1191.514339442192,981.8399316839051,420.77120289042995,1
27.767284308679226,85.63250959179386,1041.6367464066348,49.30978902325373,138.3144166748881,10.902755923504582,0.3002223913682832,2187.8288544755414,833.8087861812188,214.74336959751193,0
27.781465818147964,85.92680398813297,1339.5956904360964,34.65221670933921,14.038564526968171,12.181104549086296,0.5734736043941757,1043.9602342471708,52.890064465553266,230.2287892370136,0
27.919007382430816,85.8436226073719,2527.916501820367,24.576284908891466,11.14408473096367,7.0715503641633095,0.23561454424704859,2016.5685396870683,674.0663544038375,365.9382804499359,0
27.95094981177507,85.5630509290949,4261.950063100458,25.631092042431188,139.67523358087303,5.635170867685151,0.061505156857668025,2418.2358287074776,358.27909951759324,218.58821884798257,0
27.96663161749034,85.89081058915406,2038.1619779163018,39.78090732484034,57.608977126749856,5.903541608276374,0.6614827091491419,2840.8011716297997,201.35625725723065,433.22185632365097,1
27.965847257117822,85.71934403921229,2726.0453112782125,5.160913180213934,8.406754678146928,10.551455997182154,0.5489944678912072,1206.6347047905192,1913.6572656092528,358.2747191495801,0
27.686482441219475,85.90254850210235,1049.6622925814115,35.979466872992035,272.23690102206365,11.801353598067632,0.659842099600768,2352.0609690385827,1200.7226514591205,309.100234900697,0
27.847768121881032,85.8599348651763,1434.03552346352,22.77465052206787,165.06828319748064,4.179367613079232,0.08115041335013248,805.1260673900351,1458.6692870520224,408.31330619066335,1
27.673023504006657,85.69134607701116,4451.868442651848,44.70986656385421,104.12811791015562,6.451292097893182,0.7196957022645217,2971.0935883430084,634.1506678159044,117.36206792231897,0
27.869811552929495,85.51011118874405,4374.427307169764,9.649531991156607,324.02994588593305,12.8232823609898,0.5456209600290426,87.05110030540992,789.3285233405603,189.97194226622304,0
27.82661220054935,85.62090481172322,917.7839313638747,34.410113347419525,41.81002567218922,11.68032223633687,0.5007162805701121,1814.5511314383516,477.6633678239633,262.7627169773185,0
28.00508167310332,85.74373539659739,4326.52242752366,29.04864449430619,344.13077842391493,13.81830083314971,0.5496912384916253,1981.922885137468,198.44651357602237,179.44248881503236,0
27.790366005020832,85.78506519892177,3200.831776135801,37.11627629526137,113.02801825584702,11.050979116184969,0.7415465974946912,2067.256215651645,362.16811669595967,360.3668155557532,0
27.696826806571043,85.61604945844495,4024.5058602720796,8.242679724148417,319.82532203112527,6.718342412335067,0.5195492052471257,369.95886057937616,1596.0405203664893,421.72281086880383,0
27.707196672821134,85.56271023333277,2537.0634802818927,33.999189371406565,217.05943553260616,9.087654007935653,0.5147603039105434,2816.20405258466,1356.7038813416327,248.3195419758232,0
27.954604252686988,85.87571860655969,2756.145702885301,33.07422939797618,297.6146495069355,9.932171050967844,0.8425433256526126,551.7380043597476,1096.1231075910264,219.74641003916324,0
27.897287225326505,85.9429809813166,2659.8476889249127,33.03300472080855,354.2447387557671,2.9414697958054874,0.6553841336548544,1872.0326756871248,952.8042963692023,436.5427562481482,1
27.690449070449116,85.7365605820362,3300.7113271659755,35.17438332982274,103.82595761474846,8.53396350924638,0.40383504436090817,675.801476578024,1845.2563958939684,255.6983514896393,0
27.683642722446,85.57725567863174,1402.7445171227264,38.82339686131811,346.0087747467335,10.511849941671315,0.6159176000263422,928.5770868935999,150.10622081844346,271.1669401572491,0
27.930387652583647,85.62253829693371,1007.9049235416406,45.249449984038485,140.21348216487132,4.0078556480127245,0.36138437735343076,1643.9110397670918,564.7986224096423,223.07745531966688,1
27.679105202545678,85.50827580444636,2008.5477897282874,18.491036006410717,138.78428570529204,11.367580609106685,0.23310036998679917,1257.4083215080836,703.1260178735745,418.3419655542484,0
27.978744023716143,85.91143446295223,3436.850745851928,46.2524705090031,122.53935753162204,9.00527336616934,0.5274815015102076,489.0745469197538,1565.9394953645117,299.1344191486478,0
27.9324968908626,85.55298798730057,1626.6724276426141,29.91278411317268,194.90673864513067,13.426661428371135,0.7925456784911612,521.0998432383365,1985.0666672231328,366.7611055135756,0
27.68253951225676,85.75943241398141,3324.356759969702,8.85291395671656,55.49221554425535,2.5090675784827003,0.7933116160123702,1260.252916606771,485.13767694052035,384.13235142281025,0
27.683935085634076,85.62332484930924,4391.683365986173,7.9275464621989595,199.33613472888402,5.183913650665604,0.3235242224843922,2274.276105043747,1749.2431316034758,219.64716467104034,0
28.044655831400473,85.7493801011321,1238.042576841906,21.71191593480304,195.01373246760144,9.218646551597889,0.47214197297735594,2694.914294074888,1662.0924070614235,251.793015962133,0
27.799708318302446,85.79313917475834,3321.3676256104545,44.24484885557338,274.2846525377532,5.558718946471169,0.21930871885588893,261.5417101555547,453.1915082953244,396.9651210421926,1
27.798256858826754,85.87338381166825,2497.500789496456,40.384046737045786,300.1139862975308,10.573089968854907,0.8465048875991067,1185.3806836026092,801.668497497449,227.13937308653357,0
27.975119826903,85.59288957229228,4025.3121157590194,44.43074823362032,158.55888611247266,11.108063390263172,0.8348943262943486,309.7342355314011,822.2973742385757,377.877296708148,1
28.028899430953544,85.50494812289632,1537.7392420105894,30.86345282208047,108.83996976653775,3.2301915687976934,0.5696071437659579,59.611517091467675,1956.5502337104838,429.347312901053,0
28.044400425529147,85.56159853353097,3393.4534280141925,27.00994989777453,93.36056303415401,8.166253570481214,0.6935312477419787,1988.5388611054302,365.87934325090214,318.1236305738024,0
27.951351274103576,85.90500838883165,3917.2150427331967,12.372626335314198,70.0645812137539,8.10668666709267,0.62208012902696,1811.3238314800974,1599.3201523540401,359.56955060816114,0
27.800503834212364,85.89325053490313,4300.611190106483,21.40963768046558,20.753129591648957,6.431369242586493,0.5245265752315745,497.42715030650976,671.7144647753543,381.7840592143972,0
27.683400286679465,85.76883589597664,3359.692901842725,26.700968308693763,123.2812723804968,13.195098350836066,0.09267839759111815,709.1003709482617,1463.08633982344,395.7638771138249,1
27.960858766370976,85.77023258719514,2689.8291504303384,9.430021483980862,97.28916916708198,11.930075838478654,0.4138114740421288,80.88618339710996,842.9219535698473,238.2686682498786,0
27.87336169989432,85.79926650354582,3124.2500647243696,16.03059763556056,347.9102589119066,10.366512582915641,0.5898290417339285,2506.4921450262673,1158.8277274174973,117.94221071159936,0
27.81968880369879,85.57891707538056,4028.057944123386,34.911264703186944,200.7751774500158,10.57191962881997,0.5920252911069477,2924.324882185169,1666.0604877856315,240.65669493285884,0
28.012541754037894,85.91148537566623,2954.195087899787,41.783155711959495,125.01973405098272,7.540593725757429,0.3484980947379068,415.02401501612553,1609.310302142849,335.81468042443146,0
27.69447899292246,85.68844673620143,1009.3934149086127,54.91737556964748,208.96833635773055,13.05193425315891,0.8033535893264244,702.1108891582413,1733.5142511617018,257.62263502327744,0
27.847050041716344,85.67241233771227,4251.415303825121,51.65566656717788,50.110812484450385,10.335145127039425,0.1838856257894248,2606.544476601333,123.93656406259475,362.1371028011395,1
27.654541457906966,85.73351296737728,3382.29630371362,37.12825997675958,159.85574971279306,10.747772739869797,0.45028755697244843,2780.1267558889926,1385.640853314291,224.94385031403237,0
27.83746425679765,85.52113468504878,3335.4481887980874,26.0624026647036,225.44435571158297,12.340290845448143,0.6027071812406583,1264.685874592363,284.2748165599169,322.16044938641033,0
27.672521310272735,85.57482751594024,1676.4305486317817,36.80886823541164,176.0032194452825,5.288859072106292,0.6077086447134474,161.36119208453164,834.55804319673,165.2469316988911,0
27.69752716650723,85.83211512739187,3271.987692837566,44.282580904011596,144.64036823555674,11.684850846400437,0.5689111654150525,127.78158274153,1099.4338880341036,362.27930282573493,1
27.697010498710842,85.53725940056631,2317.9118603549705,10.916809546169366,357.7854200038913,4.342887235477905,0.2702305707614881,1726.1100995463412,808.4652720699273,290.99358908455906,0
27.909684120846425,85.77141844925988,3244.4387173493715,25.495244484814414,316.91331437361373,6.1441034269386545,0.17496525494929757,1184.7563755906053,1041.625293227,171.4225359913102,0
27.94841795170617,85.61040709935659,1283.7349091087667,46.99011428178086,224.42614493739845,6.027325451238113,0.5587522614613687,95.670758457187,1993.0699860532452,202.16891072423255,1
27.883347506038863,85.67518302631889,3268.2430965709295,24.1916475966522,204.9758500256218,13.742305620669686,0.5294416929115502,1753.9246530145447,274.7585408571452,362.0130480036413,0
28.034869019389816,85.62991218154681,4497.8894127744,33.59361356135933,223.43777273685026,12.278446684975123,0.19348480823139275,43.79458440117719,1352.534810446169,268.9104324815322,0
27.79994823180948,85.66005272240923,1073.5633398980017,34.38846804310991,72.47235881607597,10.414038339083117,0.6141113164564507,2364.242154866326,795.0219279393024,175.61100413757526,0
27.764284834512743,85.82357065733291,4417.8270631967425,14.223812656681968,142.2495875751547,10.724681139384682,0.4141375933869251,926.2341398830811,270.3545488201209,438.5449166296042,0
27.997439651275783,85.63370477203043,2364.868658602334,23.11177208261442,14.205431840723755,8.744873532830853,0.5842084732825223,130.37142899760397,321.6798429317475,350.2937569359108,0
27.73943833540778,85.7548820881336,4034.712421214133,21.725564437096608,171.1965734952576,13.36508800530223,0.7198936638161205,1769.1731407396285,1898.7998469600057,434.9971913889286,0
28.035289015776247,85.7142226809896,3716.5877426097845,6.3098354266032395,195.48885022475875,7.955105034588339,0.1857827428615385,1199.0763991548336,1759.8049859399653,249.48676587612013,0
27.654861789875927,85.79865202441319,2941.258539552004,6.209588194567762,81.98990499715545,6.566212518438734,0.06531589439746935,2921.663235937877,1814.5487110279685,266.28511924210216,0
28.037951530683056,85.92157338269614,3558.4171533047756,46.584852183788676,347.0503849795849,3.956424043179092,0.6732820691166295,1637.1540008860695,1983.107887775636,414.2843256647567,0
27.66726396478023,85.82965744374461,4062.6560206848526,18.65354049864062,327.4036599374071,11.434467827132696,0.5377579401220928,832.9651513006547,420.5892030669933,283.76726908588466,0
28.00645724547923,85.59672317036583,2354.9051579437187,30.90393831194077,259.97156476412613,10.813327184907097,0.6097116556976974,2131.2222052555844,714.1014780413032,347.5476191669835,0
27.86108044363452,85.51403241077757,2077.3193816276594,19.93627867943865,192.01918635553054,6.612260462289619,0.720523979990914,821.7610876027069,1340.091964700109,188.2605071234355,0
28.04718591844772,85.61801881993492,3303.336188028905,52.03396225576702,313.1888974731666,2.3023209675107523,0.6922487478596004,2713.68744130862,970.1860670219912,256.3542640459242,0
27.679518625894158,85.76778506881512,3808.2453909885307,17.964837943288686,47.03484377644665,12.067967932616128,0.8187361175430597,1130.4186918170556,839.6871190897754,143.2074530336243,0
27.87154171376053,85.52314161606792,3644.2264851958166,26.482840636946754,284.5835259389586,2.1370158014488836,0.47874806308169454,1654.1070027008536,718.8334424245081,172.09301255693657,0
28.03772101424764,85.72336481124056,3772.129135891084,48.63651252423009,44.93549302806539,10.444397355548611,0.44079650612792426,161.21358043444428,1189.592360727187,100.33019534367088,1
27.85923913766806,85.7685792820126,2468.099933326559,47.09667833959043,285.91583851778597,13.643085316712686,0.371509759912584,1284.10250147717,1153.3088901369636,113.74276807703109,0
27.901759455254105,85.65040975086764,3844.203178230078,14.305070892313866,99.2763245704885,7.251935937778441,0.17295283427536362,2498.766983586375,327.10837895815894,442.04933811192524,1
27.928299475593846,85.84691049168562,1332.7525993341903,45.13216548978552,315.75260916654804,4.819680859951433,0.508085786305618,2418.8899280363926,946.120975849286,184.8237932978668,0
27.83181642590711,85.54796921391019,2860.1607526590583,27.909344336894634,339.85515377714324,10.45845212052058,0.271610019460783,680.7124909720435,1109.1761935386505,332.15874832640066,0
27.901023232033626,85.53381200178111,920.7311777932376,29.14844360426776,53.56654898584163,11.80553770418702,0.7870460097703803,685.9764223215824,1142.722442769124,393.684894579864,0
27.88372572476924,85.82768494029162,2068.508987640973,11.673998620797189,166.56321782354166,8.557163792934167,0.5165526434216781,2453.742883517578,424.16384986014185,292.7311607327975,0
28.010463204196395,85.7229710922928,2219.2615255370324,9.030075687856232,353.15545613856665,13.604423303073755,0.5242721444064881,2791.891276306283,1485.8314275433122,153.60057502938466,0
27.66817855213658,85.80978107839249,2326.2216897933195,41.39696534868826,174.02667695033279,2.6200246598955332,0.333939728701608,295.1291546062806,55.27219416803392,354.8407530676582,1
27.76238527583689,85.69567230237169,3403.681944083504,29.823057617764988,310.87710810523623,8.057547179654337,0.09159148158216598,1355.6753318844135,712.8895518086096,310.08799353485404,0
28.030164593630623,85.6108809149576,2298.8091645732447,26.84253513075898,211.94334796727514,10.621447367870601,0.07539501229839089,1018.9882941030446,1561.5242338285889,355.9377062715813,0
28.006105513556367,85.8685960429534,2515.29704144111,41.475411432619836,135.11876685105668,12.351685653790147,0.38866811532255796,2613.3584818177437,1129.9663775055276,369.4113179999805,0
27.832262701114285,85.85973714553604,1755.1588711475788,43.275644949555485,102.88207998931327,4.15106734289348,0.11765230247779028,259.7394948932561,526.0190528591662,441.3936286896608,1
27.898053039120615,85.8126134118845,2243.7064498656246,12.945408383467678,73.16031279099141,11.600041781164176,0.5354775644321113,641.2665682485318,1391.4314730893802,300.7471480093485,0
27.760952473192454,85.62246531175349,1718.1706581473454,35.51125747388207,274.247348895971,8.632484908622544,0.754778404511726,2259.880329383618,1136.9449335913664,219.57438944171065,0
27.725248463889503,85.76560380009109,1163.505325566397,11.767704113884276,139.15458245629003,6.758644183879559,0.7563318532149778,163.36860845383458,1593.5060008654923,326.96259491508295,0
27.83547936197599,85.66243825362301,3072.4149361729606,42.56875430145229,184.0591663922704,3.5805803429491228,0.577236328105786,1482.6807883357249,1471.3752464486977,123.95424823491915,0
27.79134089121042,85.54121193299699,3305.5660747980587,37.84775781335698,177.2371728004255,12.38354910690695,0.21898546517834477,1331.9000336923627,1222.165304462288,414.0890614125552,1
27.88346244474035,85.91279110895802,3130.1652456346123,52.8307310541729,207.82045052392724,3.887278498156584,0.7403974650870976,1009.8595251763585,978.914462245074,141.78335396836889,0
27.681093854785992,85.56156838391354,2568.5785576820604,8.44790081782106,311.6077724248388,5.717454310509191,0.7588747482505666,1189.771222803582,270.6983407067092,214.74499326003638,0
28.039757923066468,85.92760680921937,2267.228808645227,7.852736057562716,353.06616369003456,5.4805463835492425,0.20732286796236693,1594.5223549213965,526.3593706813406,385.51088321914233,0
28.044484297791843,85.70070259783108,4008.001138458571,19.109353734660008,146.7303150865741,12.456968410290251,0.6399408686165418,492.4884015812655,841.1034484695851,309.05933241574917,0
